,index,appeal_count,money_invested,stock_code,stock_mv,left_to_invest
0,贵州茅台,340,40143804500000.0,600519.SH,1300516458384.0,-2986.759%
1,五 粮 液,274,35633881900000.0,000858.SZ,421193284622.55005,-8360.221%
2,泸州老窖,115,29986174300000.0,000568.SZ,100555257477.40001,-29720.593%
3,格力电器,230,21963883300000.004,000651.SZ,310231241378.46,-6979.843%
4,顺鑫农业,76,21078751600000.0,000860.SZ,40203770803.8,-52329.788%
5,山西汾酒,73,18943403500000.0,600809.SH,72528582296.52,-26018.535%
6,美的集团,202,18405999400000.0,000333.SZ,342636126201.89996,-5271.879%
7,古井贡酒,51,17319727300000.0,000596.SZ,53311096000.0,-32388.035%
8,中信证券,191,15496452200000.0,600030.SH,292920744817.14,-5190.323%
9,洋河股份,87,15280169700000.0,002304.SZ,125848567880.00002,-12041.711%
10,伊利股份,178,10516755900000.0,600887.SH,172832340624.30002,-5984.947%
11,海通证券,74,9241117700000.0,600837.SH,151707423000.0,-5991.408%
12,中国平安,167,6779288200000.0,601318.SH,1261336657290.0,-437.469%
13,华泰证券,88,6536723600000.0,601688.SH,158478309000.0,-4024.68%
14,东方财富,108,6116718700000.0,300059.SZ,113359474096.4,-5295.86%
15,国泰君安,80,6044020800000.0,601211.SH,145110480511.13998,-4065.117%
16,招商银行,143,5446360900000.0,600036.SH,782824007455.04,-595.732%
17,口子窖,34,4748886400000.0,603589.SH,22800000000.0,-20728.449%
18,今世缘,59,4601942700000.0,603369.SH,33746050000.0,-13536.982%
19,招商证券,82,3811288600000.0,600999.SH,112282100354.04001,-3294.387%
20,恒瑞医药,158,3765534800000.0,600276.SH,354532786031.51996,-962.112%
21,申万宏源,66,3344619000000.0,000166.SZ,113681348302.39998,-2842.1%
22,兴业银行,132,3213293200000.0,601166.SH,319922537565.4,-904.397%
23,东阿阿胶,11,3154200900000.0,000423.SZ,16939157808.3,-18520.766%
24,广发证券,45,2930293800000.0,000776.SZ,105323431516.48,-2682.186%
25,东方证券,82,2793839700000.0,600958.SH,66369793570.47,-4109.505%
26,方正证券,80,2576145600000.0,601901.SH,60012019169.55001,-4192.716%
27,长春高新,57,2286918700000.0,000661.SZ,93692747135.0,-2340.871%
28,海天味业,82,2267814200000.0,603288.SH,270144948773.6,-739.481%
29,双汇发展,53,2207140800000.0,000895.SZ,115511020211.99998,-1810.762%
30,水井坊,10,2206108800000.0,600779.SH,19878924451.62,-10997.727%
31,平安银行,48,2057030900000.0,000001.SZ,242962095838.96,-746.647%
32,安井食品,39,1928636400000.0,603345.SH,18175000541.61,-10511.479%
33,新经典,9,1630324000000.0,603096.SH,7091492280.0,-22889.858%
34,长城汽车,12,1483275400000.0,601633.SH,76577786910.0,-1836.953%
35,温氏股份,105,1416047000000.0,300498.SZ,167206320539.56,-746.886%
36,盈趣科技,9,1409432000000.0,002925.SZ,22567404983.999996,-6145.432%
37,牧原股份,131,1361515300000.0,002714.SZ,257277791177.4,-429.2%
38,迈瑞医疗,56,1216340000000.0,300760.SZ,286903138776.0,-323.955%
39,万  科Ａ,86,1211972800000.0,000002.SZ,291595289425.80005,-315.635%
40,桃李面包,12,1134250800000.0,603866.SH,28134022280.0,-3931.598%
41,中国建筑,12,1034291900000.0001,601668.SH,219112787091.41998,-372.036%
42,中国重工,10,982963400000.0,601989.SH,95768548360.8,-926.395%
43,春秋航空,10,912499800000.0,601021.SH,30297850914.649994,-2911.764%
44,海大集团,42,900138800000.0,002311.SZ,55043851516.02,-1535.312%
45,爱尔眼科,54,892993600000.0,300015.SZ,111861963406.97,-698.3%
46,保利地产,18,848195800000.0,600048.SH,172904463097.38,-390.557%
47,宁德时代,44,827280300000.0,300750.SZ,255865189242.0,-223.327%
48,立讯精密,42,819638300000.0,002475.SZ,204438846426.36,-300.921%
49,中炬高新,68,819634300000.0,600872.SH,33060443551.0,-2379.199%
50,安琪酵母,10,804329600000.0001,600298.SH,26123365893.1,-2978.966%
51,新 希 望,102,782848900000.0,000876.SZ,119018103704.07,-557.756%
52,工商银行,39,760586100000.0,601398.SH,1810543786012.12,57.991%
53,老板电器,11,754162699999.9999,002508.SZ,25054234920.0,-2910.121%
54,民生银行,54,752705100000.0,600016.SH,245181543611.19998,-206.999%
55,中国太保,22,741322900000.0,601601.SH,246486400000.0,-200.756%
56,交通银行,39,709475300000.0,601328.SH,377997278623.05,-87.693%
57,药明康德,26,708528000000.0,603259.SH,152200843627.58002,-365.522%
58,宁波银行,35,698322400000.0,002142.SZ,129845562210.96,-437.81%
59,完美世界,43,689328800000.0,002624.SZ,62036571405.170006,-1011.165%
60,泰格医药,49,687489900000.0,300347.SZ,50647575003.81999,-1257.399%
61,浦发银行,49,665430200000.0,600000.SH,296162491205.73,-124.684%
62,海尔智家,21,658902400000.0,600690.SH,96127468420.47,-585.447%
63,通策医疗,18,639441800000.0,600763.SH,30880838400.0,-1970.675%
64,中航飞机,8,638790500000.0,000768.SZ,48063678432.56,-1229.05%
65,农业银行,25,617242200000.0,601288.SH,1168943333135.82,47.197%
66,中航光电,12,616432900000.0,002179.SZ,37232682349.5,-1555.623%
67,乐普医疗,48,597113500000.0,300003.SZ,64976882028.869995,-818.963%
68,海格通信,10,557866400000.0,002465.SZ,27848324067.2,-1903.232%
69,航发动力,7,547453100000.0,600893.SH,52308883462.5,-946.578%
70,中国国旅,57,495644200000.0,601888.SH,147607151126.4,-235.786%
71,华帝股份,12,472849800000.0,002035.SZ,9257302950.6,-5007.857%
72,华测检测,6,440244200000.0,300012.SZ,24382276802.94,-1705.591%
73,山东药玻,14,438517600000.0,600529.SH,18860477579.899998,-2225.061%
74,海康威视,37,426557200000.0,002415.SZ,271752911039.68,-56.965%
75,卫 士 通,8,424198500000.0,002268.SZ,21268585030.359997,-1894.484%
76,青岛啤酒,18,422441400000.0,600600.SH,52958525564.00001,-697.683%
77,三一重工,15,421354700000.0,600031.SH,133977315327.3,-214.497%
78,丽珠集团,6,410943000000.0,000513.SZ,32888335008.550003,-1149.51%
79,中国人寿,13,400080400000.0,601628.SH,715097036500.0,44.052%
80,中直股份,9,399403100000.0,600038.SH,24640126728.8,-1520.946%
81,紫金矿业,24,393095700000.0,601899.SH,87805319413.16,-347.69%
82,星宇股份,12,383903500000.0,601799.SH,24044836050.239998,-1496.615%
83,康泰生物,17,379852600000.0,300601.SZ,64689848436.600006,-487.19%
84,健帆生物,23,372413200000.0,300529.SZ,37805301408.0,-885.082%
85,隆基股份,14,356123200000.0,601012.SH,90754723173.42,-292.402%
86,中国动力,6,355345700000.0,600482.SH,27458934584.399998,-1194.099%
87,顾家家居,11,350941500000.0,603816.SH,21996289894.35,-1495.458%
88,中航沈飞,6,349615400000.0,600760.SH,38216623587.65,-814.825%
89,大华股份,5,348843200000.0,002236.SZ,51978088454.4,-571.135%
90,航天电子,6,341665300000.0,600879.SH,18355081167.0,-1761.421%
91,中国神华,9,337693300000.0,601088.SH,296156448574.95,-14.025%
92,海螺水泥,25,330807300000.0,600585.SH,280174127351.73,-18.072%
93,圣农发展,15,320655600000.0,002299.SZ,25707227917.920002,-1147.336%
94,万华化学,14,307509600000.0,600309.SH,127379520616.82,-141.412%
95,腾讯控股,5,303508000000.00006,,,nan%
96,北京银行,16,297949000000.0,601169.SH,102120614033.75998,-191.762%
97,家家悦,32,297434600000.0,603708.SH,17637516000.0,-1586.375%
98,芒果超媒,10,295349600000.0,300413.SZ,78122965182.68001,-278.057%
99,美年健康,11,293123400000.0,002044.SZ,44687099103.600006,-555.946%
100,绝味食品,11,284833700000.0,603517.SH,28423053456.5,-902.122%
101,大秦铁路,15,284544400000.0,601006.SH,100945514223.89,-181.879%
102,中兴通讯,14,282723500000.0,000063.SZ,193150823467.08002,-46.374%
103,中国铁建,18,264193300000.0,601186.SH,132943711284.99998,-98.726%
104,沃森生物,29,264095900000.0,300142.SZ,46568966245.36,-467.107%
105,兴业证券,42,261949400000.0,601377.SH,42925665430.340004,-510.24%
106,汤臣倍健,13,260475200000.0,300146.SZ,27155572226.64,-859.196%
107,中国中车,14,260178700000.0,601766.SH,181663809677.04,-43.22%
108,恒力石化,7,254099000000.0,600346.SH,91578688215.86,-177.465%
109,重庆啤酒,8,250579200000.0,600132.SH,20844639497.86,-1102.128%
110,亿纬锂能,18,247329400000.00003,300014.SZ,57373069944.00001,-331.09%
111,京东方Ａ,18,246636400000.0,000725.SZ,146153274804.6,-68.752%
112,中国中铁,14,240180700000.0,601390.SH,131700180956.87999,-82.369%
113,安图生物,2,236814800000.0,603658.SH,45217610423.990005,-423.723%
114,天齐锂业,17,236173000000.0,002466.SZ,34298247673.26,-588.586%
115,信维通信,26,234806800000.0,300136.SZ,36759886709.700005,-538.758%
116,贝达药业,4,232511200000.0,300558.SZ,26586300000.0,-774.553%
117,汇川技术,18,231436300000.0,300124.SZ,42582361755.03999,-443.503%
118,迈克生物,18,230242700000.00003,300463.SZ,15119226396.4,-1422.847%
119,中南建设,6,227437700000.0,000961.SZ,27435415672.64,-728.993%
120,祥生医疗,8,225907199999.99997,688358.SH,5227200000.0,-4221.763%
121,普利制药,27,225488800000.0,300630.SZ,17090360919.0,-1219.392%
122,山东黄金,11,223098900000.0,600547.SH,93298310123.2,-139.124%
123,仙坛股份,8,222976000000.0,002746.SZ,6755999885.27,-3200.415%
124,珠江啤酒,8,211593600000.0,002461.SZ,13833303000.0,-1429.596%
125,万科企业,3,208970600000.00003,,,nan%
126,建设银行,16,208173000000.0,601939.SH,1580069377711.52,86.825%
127,昭衍新药,16,208128000000.0,603127.SH,10689488412.0,-1847.034%
128,新华保险,9,194070900000.0,601336.SH,123159699767.99997,-57.577%
129,金地集团,11,193800400000.0,600383.SH,57922107228.76,-234.588%
130,华熙生物,8,189655199999.99997,688363.SH,38404800000.0,-393.832%
131,三七互娱,14,184863600000.0,002555.SZ,73907686878.03,-150.128%
132,东阳光,3,176913400000.0,600673.SH,21700060264.8,-715.267%
133,康龙化成,2,176309400000.0,300759.SZ,41864219247.4,-321.146%
134,太阳纸业,12,174600400000.0,002078.SZ,24466324668.64,-613.636%
135,金域医学,7,173735500000.0,603882.SH,23535267257.8,-638.192%
136,我武生物,5,172845900000.0,300357.SZ,21294161280.0,-711.706%
137,南极电商,32,171450800000.0,002127.SZ,25530652191.2,-571.549%
138,敏华控股,3,168508800000.0,,,nan%
139,洛阳钼业,10,167784400000.0,603993.SH,77325281287.14,-116.985%
140,蒙娜丽莎,9,165790799999.99997,002918.SZ,8795807820.0,-1784.884%
141,天康生物,8,162406400000.0,002100.SZ,11882661047.65,-1266.751%
142,通化东宝,6,157117300000.0,600867.SH,21397559198.84,-634.277%
143,爱朋医疗,8,152639999999.99997,300753.SZ,3156048000.0,-4736.428%
144,分众传媒,18,152582900000.0,002027.SZ,63702000415.2,-139.526%
145,华友钴业,14,150224600000.0,603799.SH,34874576597.6,-330.757%
146,凯莱英,11,148432400000.0,002821.SZ,39450658621.0,-276.248%
147,国药一致,3,144137200000.0,000028.SZ,16876765669.859999,-754.057%
148,欣旺达,10,141935300000.0,300207.SZ,24964943116.21,-468.538%
149,赣锋锂业,12,140973100000.0,002460.SZ,52182590692.53999,-170.154%
150,药石科技,4,139410100000.0,300725.SZ,10857764679.99,-1183.967%
151,南微医学,3,136687300000.0,688029.SH,21507742000.0,-535.526%
152,中国石化,15,135036500000.0,600028.SH,546031155503.45996,75.269%
153,集友股份,15,132100400000.0,603429.SH,9090427064.85,-1353.181%
154,长江电力,23,130207900000.0,600900.SH,362779999999.99994,64.108%
155,启明星辰,10,128904200000.0,002439.SZ,33357309415.2,-286.435%
156,韦尔股份,7,128182500000.0,603501.SH,125857653392.51999,-1.847%
157,潍柴动力,16,126723400000.0,000338.SZ,99966811077.00002,-26.765%
158,顺丰控股,2,125434599999.99998,002352.SZ,199703425975.56,37.19%
159,宋城演艺,20,123694300000.0,300144.SZ,40019344890.0,-209.086%
160,复星医药,6,123443500000.0,600196.SH,75759280990.2,-62.942%
161,视源股份,1,121842399999.99998,002841.SZ,52577493840.63,-131.739%
162,老百姓,6,117669600000.0,603883.SH,20675904879.960003,-469.115%
163,兆易创新,5,116723900000.0,603986.SH,87899043761.8,-32.793%
164,华东医药,1,113774100000.0,000963.SZ,29081834687.760002,-291.221%
165,方大特钢,4,113686500000.0,600507.SH,11596641032.16,-880.34%
166,海螺创业,1,109692000000.0,,,nan%
167,华侨城Ａ,8,109101300000.0,000069.SZ,48968963297.549995,-122.797%
168,北方稀土,5,108686400000.0,600111.SH,31716666180.0,-242.679%
169,中信特钢,20,106933300000.0,000708.SZ,77666630716.32,-37.682%
170,林洋能源,4,106777999999.99998,601222.SH,9913263650.4,-977.123%
171,歌尔股份,10,106050900000.0,002241.SZ,55231669194.96,-92.011%
172,智飞生物,11,105429099999.99998,300122.SZ,95504000000.0,-10.392%
173,国瓷材料,2,105081700000.0,300285.SZ,20615498662.6,-409.722%
174,健友股份,13,104978600000.0,603707.SH,33588673010.75,-212.542%
175,中国铝业,5,104632300000.0,601600.SH,50387111934.96,-107.657%
176,光环新网,16,100441499999.99998,300383.SZ,40471664920.95999,-148.177%
177,广联达,2,100426500000.0,002410.SZ,46229629499.0,-117.234%
178,生物股份,12,99079800000.0,600201.SH,22220719954.93,-345.889%
179,欧普照明,3,97811199999.99997,603515.SH,18349667333.85,-433.041%
180,正邦科技,2,96259400000.00002,002157.SZ,46074962751.52,-108.919%
181,海信家电,3,94086800000.0,,,nan%
182,广汽集团,1,94018400000.0,,,nan%
183,健康元,1,93837400000.0,600380.SH,21591348611.159996,-334.606%
184,东方雨虹,5,93626400000.0,002271.SZ,48500177593.4,-93.043%
185,地素时尚,3,92396400000.0,603587.SH,8441050000.0,-994.608%
186,三钢闽光,4,92175500000.0,002110.SZ,19588094141.62,-370.569%
187,格林美,6,91873200000.0,002340.SZ,19793753574.21,-364.152%
188,帝欧家居,1,91164100000.0,002798.SZ,8765552042.28,-940.027%
189,招商蛇口,8,90142000000.0,001979.SZ,134100564824.38,32.78%
190,浪潮信息,4,89302299999.99998,000977.SZ,51028600928.18,-75.004%
191,华夏幸福,9,89214300000.0,600340.SH,65026709916.21999,-37.196%
192,汇顶科技,5,88809499999.99998,603160.SH,121766534946.0,27.066%
193,TCL科技,6,87949100000.0,000100.SZ,67506909207.810005,-30.282%
194,洽洽食品,7,87102400000.0,002557.SZ,20031570000.0,-334.826%
195,华润置地,1,86808400000.0,,,nan%
196,光大银行,16,86188300000.0,601818.SH,187386911323.71,54.005%
197,三花智控,4,85463300000.0,002050.SZ,48255648880.09999,-77.105%
198,星源材质,1,85373999999.99998,300568.SZ,7140864317.38,-1095.57%
199,生益科技,4,83316500000.0,600183.SH,66692406262.0,-24.927%
200,邮储银行,33,81926300000.0,601658.SH,457507237172.0,82.093%
201,玲珑轮胎,7,80663600000.0,601966.SH,24360287305.9,-231.127%
202,大族激光,2,79451400000.0,002008.SZ,31371836391.0,-153.257%
203,万润股份,4,79426900000.0,002643.SZ,13264253606.85,-498.804%
204,旗滨集团,12,78914000000.0,601636.SH,13193921917.4,-498.109%
205,中国长城,14,77373300000.0,000066.SZ,38564157638.009995,-100.635%
206,闻泰科技,23,77367100000.0,600745.SH,135221255192.7,42.785%
207,锐科激光,1,76793500000.0,300747.SZ,16711680000.000002,-359.52%
208,国电南瑞,4,76638700000.0,600406.SH,91791744645.48,16.508%
209,大参林,2,75975400000.0,603233.SH,31805174191.75,-138.877%
210,鹏鼎控股,1,74125000000.0,002938.SZ,78403733278.72,5.457%
211,新 和 成,4,73043500000.0,002001.SZ,58572534298.0,-24.706%
212,金山办公,6,72248400000.0,688111.SH,105108000000.0,31.263%
213,桐昆股份,10,71867400000.0,601233.SH,23690472932.92,-203.36%
214,华兰生物,11,70269200000.0,002007.SZ,60612149664.00001,-15.933%
215,顺络电子,5,68314800000.00001,002138.SZ,17730940604.46,-285.286%
216,蓝光发展,10,66976300000.0,600466.SH,18014845889.300003,-271.784%
217,金山软件,1,66701600000.0,,,nan%
218,韵达股份,9,65863100000.0,002120.SZ,60955723493.84,-8.051%
219,金陵体育,1,65306800000.00001,300651.SZ,3398914992.0,-1821.401%
220,柳钢股份,4,65182200000.0,601003.SH,12890849796.0,-405.647%
221,国恩股份,3,63653500000.0,002768.SZ,10055237500.0,-533.038%
222,山西证券,4,62859000000.0,002500.SZ,21187151395.970005,-196.685%
223,欧普康视,1,62609000000.0,300595.SZ,20919819756.0,-199.281%
224,金钼股份,5,62407200000.0,601958.SH,19746818928.0,-216.037%
225,卫宁健康,9,62323300000.00001,300253.SZ,37630511188.78,-65.619%
226,南钢股份,5,62074400000.00001,600282.SH,13864471020.41,-347.723%
227,恒生电子,6,61123700000.0,600570.SH,71383681717.92,14.373%
228,伟明环保,4,60896500000.0,603568.SH,27170657771.73,-124.126%
229,陕西煤业,6,59353400000.0,601225.SH,69500000000.0,14.599%
230,北新建材,4,58782000000.0,000786.SZ,43217610598.36,-36.014%
231,联化科技,8,57892000000.0,002250.SZ,13211456200.800003,-338.195%
232,光明乳业,9,56866000000.0,600597.SH,12514262341.980001,-354.41%
233,隧道股份,13,56002400000.0,600820.SH,17795583892.04,-214.698%
234,洲明科技,2,55518600000.0,300232.SZ,9364435491.07,-492.866%
235,杰瑞股份,16,53470400000.0,002353.SZ,24530640735.12,-117.974%
236,杰克股份,1,53438000000.0,603337.SH,8241152673.600001,-548.429%
237,慈文传媒,1,53385600000.00001,002343.SZ,4227052205.4,-1162.951%
238,南京银行,7,53328200000.0,601009.SH,61411185369.76,13.162%
239,四维图新,4,52366200000.000015,002405.SZ,34366586738.4,-52.375%
240,天地科技,2,52105000000.0,600582.SH,12581310231.679998,-314.146%
241,华新水泥,9,51957600000.0,600801.SH,48641116636.0,-6.818%
242,立思辰,2,51667800000.0,300010.SZ,16281087131.25,-217.349%
243,威高股份,2,51399599999.999985,,,nan%
244,九洲药业,3,51234799999.99999,603456.SH,15968228193.22,-220.855%
245,江海股份,1,51019000000.0,002484.SZ,7858098451.240001,-549.254%
246,卧龙电驱,10,50632800000.0,600580.SH,14625618226.64,-246.193%
247,吉祥航空,2,50266000000.0,603885.SH,20113654726.110004,-149.91%
248,博腾股份,2,50260199999.99999,300363.SZ,14263405167.24,-252.372%
249,天能重工,2,50233100000.0,300569.SZ,2958986700.0,-1597.645%
250,大博医疗,18,50189300000.0,002901.SZ,25555901803.0,-96.39%
251,片仔癀,10,49608500000.0,600436.SH,72850553107.5,31.904%
252,广深铁路,8,49232000000.0,601333.SH,17071324170.000002,-188.39%
253,特锐德,8,48797600000.0,300001.SZ,20948971575.000004,-132.936%
254,旷达科技,2,48403400000.0,002516.SZ,4544891527.38,-965.007%
255,华鲁恒升,21,48170500000.0,600426.SH,25636157660.0,-87.901%
256,益丰药房,3,47893600000.0,603939.SH,31393729622.1,-52.558%
257,新城控股,4,46225000000.0,601155.SH,65422434152.14,29.344%
258,光线传媒,24,46125100000.0,300251.SZ,27399902754.88,-68.34%
259,天坛生物,3,44911400000.0,600161.SH,36566930908.85999,-22.82%
260,东睦股份,2,44733000000.0,600114.SH,6109416266.67,-632.198%
261,颐海国际,16,44656800000.0,,,nan%
262,当升科技,3,44195000000.0,300073.SZ,10219312888.199999,-332.465%
263,海信视像,2,44136000000.0,600060.SH,13673628769.9,-222.782%
264,仙琚制药,1,43630400000.0,002332.SZ,11580921778.24,-276.744%
265,国机汽车,2,43523000000.0,600335.SH,7532045564.67,-477.838%
266,中国软件,4,43245700000.0,600536.SH,39520511909.619995,-9.426%
267,内蒙一机,8,42571200000.0,600967.SH,16541495488.429996,-157.36%
268,中国石油,5,42384100000.0,601857.SH,898633001086.3801,95.283%
269,东山精密,17,42275799999.99999,002384.SZ,37176087117.78,-13.718%
270,金达威,5,41220800000.0,002626.SZ,12865977816.49,-220.386%
271,美团点评-W,4,41207400000.0,,,nan%
272,中信银行,9,41121900000.0,601998.SH,255929087413.27002,83.932%
273,吉宏股份,1,41024000000.0,002803.SZ,6815819063.380001,-501.894%
274,中国银行,5,40506200000.0,601988.SH,1030357269343.5,96.069%
275,长信科技,2,40129500000.0,300088.SZ,23736564917.44,-69.062%
276,美锦能源,4,39887200000.0,000723.SZ,29063775038.68,-37.24%
277,依顿电子,2,37941900000.0,603328.SH,10921315628.699999,-247.411%
278,中航高科,2,37570500000.0,600862.SH,17914611516.02,-109.72%
279,中国财险,2,36837300000.0,,,nan%
280,华联控股,3,36831600000.0,000036.SZ,5208608427.75,-607.129%
281,龙蟒佰利,4,36467100000.0,002601.SZ,29261100801.600002,-24.627%
282,兖州煤业,3,35704400000.0,600188.SH,42046856960.0,15.084%
283,荣盛发展,3,35532500000.0,002146.SZ,32785155436.54,-8.38%
284,西山煤电,3,35199000000.0,000983.SZ,15440880000.000002,-127.96%
285,爱建集团,9,34523100000.00001,600643.SH,13072694963.12,-164.086%
286,司太立,16,34344000000.0,603520.SH,9333471388.92,-267.966%
287,绿地控股,5,34150000000.0,600606.SH,65464670591.299995,47.834%
288,金风科技,3,33496800000.0,002202.SZ,39926889264.149994,16.105%
289,神州高铁,8,33448800000.0,000008.SZ,9093200781.42,-267.844%
290,云南白药,10,32833300000.0,000538.SZ,97976834413.90001,66.489%
291,康力电梯,8,32805100000.0,002367.SZ,6716235624.54,-388.445%
292,通威股份,8,32767200000.000004,600438.SH,56899844926.68,42.412%
293,鱼跃医疗,2,32158000000.0,002223.SZ,29462796943.31,-9.148%
294,中文传媒,6,31887300000.000008,600373.SH,17371916877.58,-83.557%
295,比音勒芬,1,31838400000.0,002832.SZ,5955898116.0,-434.569%
296,齐心集团,1,30444800000.0,002301.SZ,10393724601.84,-192.915%
297,华策影视,1,30444800000.0,300133.SZ,13588914445.74,-124.041%
298,贵阳银行,5,30365000000.0,601997.SH,25036262974.8,-21.284%
299,中国人保,5,29941900000.0,601319.SH,280822340202.05,89.338%
300,荣泰健康,2,29848100000.0,603579.SH,3662400000.0,-714.987%
301,沪电股份,18,27855400000.0,002463.SZ,44670179701.7,37.642%
302,上汽集团,23,27404000000.000004,600104.SH,222569939003.25,87.687%
303,天顺风能,1,27335999999.999996,002531.SZ,9962506663.2,-174.389%
304,国药股份,4,27291100000.0,600511.SH,19232281419.019997,-41.903%
305,阳泉煤业,2,27090400000.0,600348.SH,11063000000.0,-144.874%
306,绿城服务,16,26716800000.0,,,nan%
307,马钢股份,2,26612400000.0,600808.SH,20637825578.48,-28.95%
308,安科生物,1,26578000000.0,300009.SZ,15103598982.84,-75.971%
309,再升科技,1,26371200000.0,603601.SH,7913707169.12,-233.234%
310,常熟银行,18,26300000000.000004,601128.SH,19103765797.250004,-37.669%
311,滨江集团,1,26024599999.999996,002244.SZ,13005835460.2,-100.099%
312,江苏银行,7,25999500000.0,600919.SH,69844224885.05,62.775%
313,科伦药业,2,25973999999.999996,002422.SZ,29889958605.600002,13.101%
314,长安汽车,4,25724000000.0,000625.SZ,50091623969.729996,48.646%
315,江苏租赁,3,25444500000.000004,600901.SH,15500713333.920002,-64.151%
316,拉卡拉,2,25337600000.0,300773.SZ,31488787200.0,19.535%
317,宇通客车,3,25184200000.0,600066.SH,28072749347.64,10.29%
318,中联重科,3,24727900000.0,000157.SZ,44011605243.19,43.815%
319,九鼎投资,2,24652800000.0,600053.SH,10621749600.0,-132.097%
320,宝泰隆,2,24516400000.0,601011.SH,5539757413.68,-342.554%
321,中材国际,1,24311700000.000004,600970.SH,10367860163.88,-134.491%
322,云南铜业,2,24126900000.000004,000878.SZ,16588862745.6,-45.44%
323,华大基因,3,23817900000.0,300676.SZ,29719428000.0,19.857%
324,锦江酒店,4,23468500000.0,600754.SH,24312426847.2,3.471%
325,坚朗五金,1,23369600000.000004,002791.SZ,16102723200.0,-45.128%
326,万达电影,3,23017600000.0,002739.SZ,34501909580.8,33.286%
327,星徽精密,2,22598400000.0,300464.SZ,4608244383.75,-390.391%
328,中科创达,1,22326200000.0,300496.SZ,23599460137.11,5.395%
329,苏 泊 尔,2,21616800000.0,002032.SZ,53865466095.99999,59.869%
330,奥飞娱乐,2,21571200000.0,002292.SZ,9554403056.000002,-125.772%
331,中顺洁柔,1,21509000000.0,002511.SZ,19934414087.79,-7.899%
332,绿盟科技,1,21157500000.0,300369.SZ,17183473241.329998,-23.127%
333,新国都,7,21118700000.0,300130.SZ,7274170231.01,-190.325%
334,中国巨石,2,20986900000.0,600176.SH,28053477860.489998,25.19%
335,泰胜风能,2,20672000000.0,300129.SZ,3250572717.12,-535.949%
336,晨光文具,2,20610299999.999996,603899.SH,39928000000.0,48.381%
337,上海莱士,1,20460799999.999996,002252.SZ,40244692780.909996,49.159%
338,以岭药业,4,20276800000.0,002603.SZ,20691903188.97,2.006%
339,紫光国微,12,20220100000.0,002049.SZ,34030351645.44,40.582%
340,万孚生物,3,20047000000.0,300482.SZ,22902183414.989998,12.467%
341,海王生物,2,19895200000.0,000078.SZ,13232773801.03,-50.348%
342,济民制药,2,19895200000.0,603222.SH,16672000000.0,-19.333%
343,昆仑万维,4,19843000000.0,300418.SZ,22324298297.760002,11.115%
344,水晶光电,7,19729500000.0,002273.SZ,17522535097.48,-12.595%
345,雅戈尔,3,19390400000.0,600177.SH,32641311173.94,40.596%
346,明泰铝业,4,18662500000.0,601677.SH,6298538098.860001,-196.299%
347,紫光股份,1,18618600000.0,000938.SZ,78161897138.95999,76.179%
348,露天煤业,3,18606400000.0,002128.SZ,14334938257.78,-29.798%
349,太平洋,22,18469599999.999996,601099.SH,23584454640.2,21.687%
350,瀚蓝环境,5,18344400000.0,600323.SH,15685424448.460001,-16.952%
351,长电科技,10,18336900000.0,600584.SH,38372816846.700005,52.214%
352,中公教育,1,18018000000.0,002607.SZ,148140933323.77997,87.837%
353,心脉医疗,1,17989200000.0,688016.SH,10902529926.09,-65.0%
354,宇华教育,1,17791200000.0,,,nan%
355,潞安环能,2,17331600000.0,601699.SH,17350173360.0,0.107%
356,久立特材,3,17222000000.0,002318.SZ,6505087217.190001,-164.747%
357,正泰电器,5,17087900000.0,601877.SH,50552382225.51,66.198%
358,科大讯飞,8,17006300000.0,002230.SZ,79654374677.40999,78.65%
359,徐工机械,5,16916200000.0,000425.SZ,40500065783.1,58.232%
360,祁连山,11,16742600000.0,600720.SH,9773494650.38,-71.306%
361,盘江股份,1,16462800000.0,600395.SH,9003482123.84,-82.849%
362,冀东水泥,9,16437500000.0,000401.SZ,27354715154.199997,39.91%
363,金科股份,1,16258800000.0,000656.SZ,38926528298.64,58.232%
364,葛洲坝,2,16145500000.000002,600068.SH,31036199756.88,47.978%
365,山西焦化,1,16140000000.0,600740.SH,8292782669.4,-94.627%
366,云煤能源,1,16086200000.0,600792.SH,2999468508.0,-436.302%
367,陕西黑猫,1,16086200000.0,601015.SH,4302644208.72,-273.868%
368,吉比特,10,15696499999.999998,603444.SH,29128858862.16,46.114%
369,中国联通,3,15377600000.0,600050.SH,164124935664.23,90.631%
370,云海金属,1,15372000000.0,002182.SZ,6606438338.360001,-132.682%
371,宁沪高速,4,15260600000.0,600377.SH,47102939125.0,67.602%
372,良信电器,2,15133000000.0,002706.SZ,8517422623.5,-77.671%
373,中煤能源,1,15043600000.0,601898.SH,54360519939.99999,72.326%
374,天茂集团,2,14888300000.0,000627.SZ,29791993864.95,50.026%
375,白云山,6,14854200000.0,,,nan%
376,中国广核,14,14752800000.0,003816.SZ,148465916634.0,90.063%
377,张  裕Ａ,1,14593500000.000002,000869.SZ,15628579200.0,6.623%
378,上海银行,6,13835900000.0,601229.SH,115641143618.00003,88.035%
379,香飘飘,1,13386500000.0,603711.SH,10914265710.0,-22.651%
380,威海广泰,1,13293000000.0,002111.SZ,5658683609.28,-134.913%
381,浙商银行,14,12808800000.0,601916.SH,86350908918.68,85.167%
382,引力传媒,15,12788000000.0,603598.SH,3409849800.0,-275.031%
383,东北证券,6,12213500000.0,000686.SZ,20478963006.25,40.361%
384,中国电建,1,12117300000.0,601669.SH,61961091847.200005,80.444%
385,四通新材,1,11844000000.0,300428.SZ,8282247702.96,-43.005%
386,蓝思科技,1,11688000000.0,300433.SZ,68914237652.04001,83.04%
387,卓胜微,1,11466000000.0,300782.SZ,47800000000.0,76.013%
388,扬农化工,12,11421300000.0,600486.SH,19365582698.43,41.023%
389,晶丰明源,1,10829000000.0,688368.SH,4849152000.0,-123.317%
390,梦网集团,3,10388000000.0,002123.SZ,12113898414.75,14.247%
391,中南传媒,3,9663800000.0,601098.SH,18660440000.0,48.212%
392,比亚迪,7,9546900000.0,002594.SZ,143282062744.6,93.337%
393,云图控股,1,9500400000.0,002539.SZ,5080803000.0,-86.986%
394,华海药业,1,9427799999.999998,600521.SH,27254065320.719997,65.408%
395,九州通,1,9370800000.000002,600998.SH,33610188374.499996,72.119%
396,当代明诚,3,9213500000.0,600136.SH,5588954035.88,-64.852%
397,上港集团,2,9180600000.000002,600018.SH,102659378699.5,91.057%
398,深高速,3,9175400000.0,600548.SH,19212586572.06,52.243%
399,天音控股,1,9063600000.000002,000829.SZ,5483505572.19,-65.288%
400,建发股份,1,9042000000.000002,600153.SH,20782019884.9,56.491%
401,塔牌集团,5,9033400000.0,002233.SZ,15106124452.72,40.2%
402,游族网络,4,9015100000.0,002174.SZ,20514723187.57,56.055%
403,钢研高纳,1,8990800000.000002,300034.SZ,7369467211.2,-22.001%
404,威孚高科,5,8983800000.0,000581.SZ,18756391096.3,52.103%
405,众业达,1,8954400000.0,002441.SZ,4487521130.96,-99.54%
406,普洛药业,1,8808800000.0,000739.SZ,21743758427.399998,59.488%
407,恒源煤电,1,8772400000.0,600971.SH,5544022564.08,-58.232%
408,华电国际,1,8713200000.000002,600027.SH,30180708558.18,71.13%
409,中国金茂,1,8707500000.0,,,nan%
410,奥拓电子,3,8579700000.0,002587.SZ,4272055508.7599998,-100.833%
411,鲁阳节能,1,8554000000.0,002088.SZ,3479573557.4599996,-145.835%
412,新钢股份,2,8390400000.0,600782.SH,13265086415.36,36.748%
413,森马服饰,1,8333399999.999999,002563.SZ,18053206509.0,53.84%
414,惠伦晶体,15,8270500000.0,300460.SZ,2885902529.999999,-186.583%
415,梅花生物,5,8260500000.0,600873.SH,13441574132.540003,38.545%
416,新集能源,1,8236800000.0,601918.SH,7253517040.0,-13.556%
417,中体产业,3,8158700000.0,600158.SH,8234857240.48,0.925%
418,日出东方,15,8061999999.999999,603366.SH,4560000000.0,-76.798%
419,顺网科技,3,7913700000.0,300113.SZ,16260207160.800001,51.331%
420,中国交建,1,7858500000.000001,601800.SH,138779229946.5,94.337%
421,华夏银行,2,7752000000.0,600015.SH,99709211409.84001,92.225%
422,成都银行,1,7709600000.000001,601838.SH,27416987625.06,71.88%
423,达华智能,15,7575500000.000001,002512.SZ,6295900226.0,-20.324%
424,硅宝科技,1,7548500000.0,300019.SZ,3375199900.2,-123.646%
425,国电电力,3,7528000000.0,600795.SH,39890307625.35,81.128%
426,华域汽车,6,7520200000.0,600741.SH,65576658867.200005,88.532%
427,爱婴室,1,7466999999.999999,603214.SH,3827212500.0,-95.103%
428,老凤祥,1,7352999999.999999,600612.SH,19229809004.64,61.762%
429,中国中冶,1,7300800000.0,601618.SH,54503118417.1,86.605%
430,上海建工,3,7267900000.0,600170.SH,28315984775.04,74.333%
431,浙数文化,1,7252000000.000001,600633.SH,11925623409.48,39.19%
432,渝农商行,10,7228000000.0,601077.SH,61782080000.00001,88.301%
433,盛通股份,15,7158500000.0,002599.SZ,2516701649.67,-184.44%
434,和晶科技,15,7158500000.0,300279.SZ,2752014447.74,-160.119%
435,探路者,15,7089000000.0,300005.SZ,3431481530.4,-106.587%
436,迪马股份,2,7068000000.0,600565.SH,6918172646.559999,-2.166%
437,江苏索普,2,7068000000.0,600746.SH,1939647791.16,-264.396%
438,金龙机电,15,7019500000.0,300032.SZ,3622294932.08,-93.786%
439,邦讯技术,15,7019500000.0,300312.SZ,2387498400.0,-194.011%
440,奥佳华,1,7010400000.0,002614.SZ,6392665975.0,-9.663%
441,华润啤酒,3,6980700000.0,,,nan%
442,尚品宅配,1,6976799999.999999,300616.SZ,12743245404.0,45.251%
443,万润科技,15,6950000000.0,002654.SZ,3938703036.9300003,-76.454%
444,裕同科技,1,6885599999.999999,002831.SZ,19532986178.32,64.749%
445,粤高速Ａ,6,6877800000.0,000429.SZ,13778412370.34,50.083%
446,麦格米特,1,6744500000.0,002851.SZ,10079256947.820002,33.085%
447,深振业Ａ,20,6662400000.0,000006.SZ,6236977112.5199995,-6.821%
448,中环股份,2,6655500000.0,002129.SZ,47514769429.38,85.993%
449,赛轮轮胎,3,6526600000.0,601058.SH,10666029678.1,38.809%
450,云铝股份,3,6525800000.0,000807.SZ,12669236551.8,48.491%
451,物产中大,2,6435700000.0,600704.SH,24045364690.0,73.235%
452,长沙银行,1,6421600000.0,601577.SH,26961843581.52,76.183%
453,方大炭素,4,6386300000.0,600516.SH,25146589932.750004,74.604%
454,亿联网络,1,6250500000.0,300628.SZ,54029870580.0,88.431%
455,三角轮胎,5,6232000000.0,601163.SH,10560000000.0,40.985%
456,克来机电,1,5856000000.0,603960.SH,5322012800.0,-10.034%
457,中国化学,1,5796700000.0,601117.SH,30041970000.0,80.705%
458,澜起科技,1,5796000000.0,688008.SH,97028416787.31999,94.026%
459,宝钢股份,6,5776100000.0,600019.SH,106471920592.5,94.575%
460,福斯特,1,5768100000.0,603806.SH,21233238000.0,72.835%
461,金禾实业,1,5630400000.0,002597.SZ,11102786744.37,49.288%
462,中材科技,2,5441300000.0,002080.SZ,19331983687.68,71.853%
463,先导智能,5,5417200000.0,300450.SZ,37461466474.99999,85.539%
464,华润燃气,3,5408000000.0,,,nan%
465,中鼎股份,1,5280800000.0,000887.SZ,9827608623.35,46.266%
466,金 螳 螂,1,5171400000.0,002081.SZ,22226903944.92,76.734%
467,重庆百货,1,5038400000.0,600729.SH,10520956674.199999,52.111%
468,光威复材,4,4972000000.0,300699.SZ,24818598000.0,79.967%
469,凯利泰,2,4972000000.0,300326.SZ,13953443226.9,64.367%
470,首开股份,4,4931200000.0,600376.SH,16792969725.42,70.635%
471,东方日升,4,4929000000.0,300118.SZ,12447780785.210001,60.403%
472,蒙牛乳业,4,4875300000.0,,,nan%
473,龙净环保,1,4865400000.0,600388.SH,10722571500.0,54.625%
474,永辉超市,8,4736000000.0,601933.SH,91015094647.08,94.796%
475,青岛啤酒股份,2,4704000000.000001,,,nan%
476,中国海洋石油,2,4662000000.000001,,,nan%
477,华工科技,3,4638800000.0,000988.SZ,23056177071.51,79.88%
478,富安娜,1,4600000000.0,002327.SZ,5533937804.01,16.877%
479,金隅集团,2,4546800000.0,601992.SH,36304421855.6,87.476%
480,富森美,4,4545700000.0,002818.SZ,8676996503.0,47.612%
481,纳思达,1,4529200000.0,002180.SZ,34720444995.95,86.955%
482,深圳能源,6,4508700000.0,000027.SZ,21328964791.86,78.861%
483,海油工程,3,4372000000.0,600583.SH,22106774000.0,80.223%
484,恩捷股份,3,4367400000.0,002812.SZ,38448400559.8,88.641%
485,中海油服,2,4316600000.0,601808.SH,59024593040.0,92.687%
486,凤凰传媒,3,4306100000.0,601928.SH,17203524000.0,74.97%
487,步 步 高,2,4294000000.0,002251.SZ,7921999230.67,45.797%
488,赢时胜,2,4294000000.0,300377.SZ,7925543414.4,45.821%
489,东吴证券,2,4268800000.0,601555.SH,27630000000.000004,84.55%
490,高鑫零售,2,4252500000.0,,,nan%
491,蓝晓科技,2,4124500000.0,300487.SZ,6726579562.499999,38.684%
492,佳发教育,2,4011500000.0,300559.SZ,8065183828.6,50.262%
493,同花顺,3,3966000000.0,300033.SZ,60748800000.0,93.471%
494,郑煤机,5,3954500000.0,601717.SH,9944385663.8,60.234%
495,淮北矿业,2,3891200000.0,600985.SH,17770332082.3,78.103%
496,上海钢联,5,3868800000.0,300226.SZ,12052495387.5,67.9%
497,银泰黄金,3,3848100000.0,000975.SZ,25069835314.08,84.65%
498,中青旅,2,3834800000.0,600138.SH,7795756800.0,50.809%
499,新奥能源,2,3832500000.0,,,nan%
500,亚泰集团,2,3790800000.0,600881.SH,9974164715.16,61.994%
501,深信服,3,3756600000.0,300454.SZ,71505919531.8,94.746%
502,上海机场,3,3621800000.0,600009.SH,121109338456.8,97.009%
503,山大华特,1,3435400000.0,000915.SZ,5342757858.0,35.7%
504,蓝色光标,4,3358700000.0,300058.SZ,15668627975.86,78.564%
505,美亚光电,1,3296399999.999999,002690.SZ,22909640000.0,85.611%
506,隆鑫通用,2,3120000000.0000005,603766.SH,6940971453.0,55.05%
507,申洲国际,3,3033800000.0,,,nan%
508,寒锐钴业,5,2833000000.0,300618.SZ,13660909107.300001,79.262%
509,宝通科技,1,2783200000.0,300031.SZ,7768715207.879999,64.174%
510,石药集团,3,2639800000.0,,,nan%
511,新媒股份,1,2634100000.0,300770.SZ,20416554564.850002,87.098%
512,索菲亚,3,2604000000.0000005,002572.SZ,15656269852.08,83.368%
513,钱江摩托,16,2604000000.0,000913.SZ,4458258880.0,41.592%
514,运达科技,16,2604000000.0,300440.SZ,4811520000.0,45.88%
515,东方国信,2,2578500000.0,300166.SZ,17213318731.26,85.02%
516,粤宏远Ａ,16,2576000000.0,000573.SZ,1777521854.96,-44.921%
517,华东数控,16,2576000000.0,002248.SZ,2613712600.0,1.443%
518,青龙管业,16,2576000000.0,002457.SZ,2646436800.0,2.662%
519,宏达矿业,16,2576000000.0,600532.SH,1635928332.3999999,-57.464%
520,天山股份,2,2559400000.0,000877.SZ,11986903421.369999,78.648%
521,东百集团,16,2548000000.0,600693.SH,4733667609.96,46.173%
522,亚太科技,8,2531200000.0,002540.SZ,5742793339.999999,55.924%
523,江中药业,2,2521200000.0,600750.SH,6216000000.0,59.44%
524,拓邦股份,1,2506300000.0,002139.SZ,7100888598.44,64.704%
525,中远海能,2,2492800000.0,600026.SH,32910200925.350002,92.425%
526,欧菲光,3,2463000000.0,002456.SZ,41805282396.25,94.108%
527,东方盛虹,2,2425700000.0,000301.SZ,19339455465.6,87.457%
528,株冶集团,8,2396800000.0000005,600961.SH,3185845800.56,24.767%
529,高德红外,4,2387500000.0,002414.SZ,33794100220.140003,92.935%
530,康缘药业,3,2382800000.0,600557.SH,7446585837.280001,68.001%
531,宏创控股,8,2352000000.0000005,002379.SZ,3399888000.0,30.821%
532,东方明珠,5,2341500000.0,600637.SH,32403606907.49,92.774%
533,北陆药业,2,2320000000.0,300016.SZ,4392846098.88,47.187%
534,拓普集团,2,2278800000.0,601689.SH,18831531319.65,87.899%
535,浙江美大,2,2276500000.0,002677.SZ,7268081028.75,68.678%
536,太阳能,3,2267600000.0,000591.SZ,10314346249.760002,78.015%
537,喜临门,1,2239600000.0,603008.SH,4674096554.65,52.085%
538,世纪瑞尔,8,2217600000.0000005,300150.SZ,3013296172.9500003,26.406%
539,华虹计通,8,2150400000.0000005,300330.SZ,1674960000.0,-28.385%
540,科远智慧,8,2128000000.0000002,002380.SZ,3460679578.58,38.509%
541,百邦科技,8,2128000000.0000002,300736.SZ,1228684778.4,-73.193%
542,帝尔激光,2,2059000000.0,300776.SZ,8285481295.0,75.149%
543,世纪华通,1,1965100000.0,002602.SZ,86070455260.5,97.717%
544,华泰股份,3,1896400000.0,600308.SH,4962136030.75,61.783%
545,七一二,1,1828300000.0,603712.SH,23190880000.0,92.116%
546,烽火通信,3,1793599999.9999998,600498.SH,44965809945.6,96.011%
547,国投电力,3,1790900000.0,600886.SH,51234476269.85,96.505%
548,济川药业,1,1781200000.0,600566.SH,17186709176.91,89.636%
549,华峰氨纶,1,1750500000.0,002064.SZ,23121260912.79,92.429%
550,思源电气,1,1672700000.0,002028.SZ,14808876813.36,88.705%
551,聚光科技,1,1639999999.9999998,300203.SZ,5792222720.0,71.686%
552,新 大 陆,2,1630800000.0,000997.SZ,18605098693.73,91.235%
553,华润双鹤,2,1609200000.0,600062.SH,13186524654.4,87.797%
554,航天信息,1,1552900000.0,600271.SH,38442437568.0,95.96%
555,阳光照明,2,1550000000.0,600261.SH,5532512163.3,71.984%
556,华宇软件,4,1543800000.0,300271.SZ,22573907264.47,93.161%
557,深圳高速公路股份,1,1532500000.0,,,nan%
558,中国西电,2,1512000000.0,601179.SH,24399199995.52,93.803%
559,山鹰纸业,1,1509200000.0,600567.SH,14337937872.960001,89.474%
560,桂冠电力,1,1497500000.0,600236.SH,35155404996.92,95.74%
561,杭州银行,2,1484000000.0,600926.SH,40220771386.88,96.31%
562,中国核建,2,1468800000.0,601611.SH,16563811289.029997,91.132%
563,白云机场,1,1459200000.0,600004.SH,27521962836.2,94.698%
564,三安光电,6,1441400000.0,600703.SH,96944160538.56,98.513%
565,宝信软件,3,1428399999.9999998,600845.SH,53050024123.04,97.307%
566,掌趣科技,1,1419000000.0,300315.SZ,16986102622.720001,91.646%
567,中国核电,2,1418800000.0,601985.SH,69110583583.32,97.947%
568,天津港,2,1404000000.0,600717.SH,10993184503.68,87.228%
569,皖维高新,3,1389200000.0,600063.SH,7761355608.76,82.101%
570,浙江鼎力,1,1356599999.9999998,603338.SH,20386926236.32,93.346%
571,贵人鸟,2,1351500000.0,603555.SH,2137247286.2,36.764%
572,国投资本,19,1327400000.0,600061.SH,54614516072.84,97.57%
573,财通证券,17,1319600000.0,601108.SH,37505050000.0,96.482%
574,柳药股份,3,1298400000.0,603368.SH,8150450453.86,84.07%
575,金发科技,5,1289000000.0,600143.SH,21232384329.75,93.929%
576,阳 光 城,1,1222000000.0,000671.SZ,27395563609.15,95.539%
577,圣邦股份,4,1219400000.0,300661.SZ,24391829033.0,95.001%
578,禾丰牧业,3,1210700000.0,603609.SH,10099233136.199999,88.012%
579,中国移动,1,1197500000.0,,,nan%
580,深圳燃气,1,1197500000.0,601139.SH,21259312150.16,94.367%
581,粤海投资,1,1192499999.9999998,,,nan%
582,华天科技,2,1100800000.0,002185.SZ,31838843853.879997,96.543%
583,银河娱乐,2,1083600000.0,,,nan%
584,广电运通,4,1081800000.0,002152.SZ,21464136103.41,94.96%
585,汉威科技,1,1074199999.9999998,300007.SZ,4152133161.02,74.129%
586,凤凰股份,2,1050600000.0,600716.SH,3631915089.1999993,71.073%
587,久远银海,2,1045499999.9999999,002777.SZ,9420716298.0,88.902%
588,先河环保,1,1045499999.9999998,300137.SZ,4143764776.0,74.769%
589,新奥股份,2,1042799999.9999999,600803.SH,10277414345.88,89.853%
590,荣科科技,2,1030200000.0,300290.SZ,3942747782.32,73.871%
591,华录百纳,2,1030200000.0,300291.SZ,4242623503.4400005,75.718%
592,中国宏桥,2,1027600000.0,,,nan%
593,双箭股份,2,1025099999.9999999,002381.SZ,3210263659.2,68.068%
594,星网锐捷,2,1019100000.0000001,002396.SZ,23861996172.98,95.729%
595,瀚叶股份,3,1016399999.9999999,600226.SH,7469963554.62,86.394%
596,应流股份,2,1016399999.9999999,603308.SH,7465819915.8,86.386%
597,火炬电子,2,1016399999.9999999,603678.SH,11343808707.0,91.04%
598,共进股份,2,989999999.9999999,603118.SH,11294677313.919998,91.235%
599,华润三九,2,987000000.0,000999.SZ,27996540000.0,96.475%
600,珀莱雅,2,976799999.9999999,603605.SH,21449297009.199997,95.446%
601,太极实业,1,972800000.0,600667.SH,27570029430.02,96.472%
602,金沙中国有限公司,2,957600000.0000001,,,nan%
603,梦百合,1,950000000.0,603313.SH,6764139708.2,85.955%
604,赢合科技,1,946000000.0000001,300457.SZ,18724548800.7,94.948%
605,上海凯宝,2,945000000.0,300039.SZ,5365980000.0,82.389%
606,中天金融,2,937400000.0000002,000540.SZ,23817865908.6,96.064%
607,璞泰来,3,937400000.0000001,603659.SH,28506832775.5,96.712%
608,华灿光电,1,937400000.0000001,300323.SZ,7361168031.46,87.266%
609,众生药业,2,924000000.0,002317.SZ,10009726624.039999,90.769%
610,康弘药业,2,920500000.0,002773.SZ,31959315466.0,97.12%
611,利亚德,1,920200000.0,300296.SZ,17596705905.92,94.771%
612,马应龙,2,917000000.0,600993.SH,6366665970.07,85.597%
613,黄山胶囊,2,913500000.0,002817.SZ,2080080000.0,56.083%
614,思维列控,1,912000000.0,603508.SH,10671683554.8,91.454%
615,圆通速递,2,889199999.9999999,600233.SH,30984029110.2,97.13%
616,西部矿业,3,880500000.0,601168.SH,13559270000.0,93.506%
617,西藏珠峰,3,868000000.0,600338.SH,7551375987.679999,88.505%
618,宁夏建材,1,862400000.0000001,600449.SH,5236082409.9,83.53%
619,H&H国际控股,2,860000000.0000001,,,nan%
620,创科实业,2,828000000.0,,,nan%
621,南方传媒,1,823200000.0000001,601900.SH,8591456267.94,90.418%
622,中国宝安,1,793600000.0,000009.SZ,16532761515.65,95.2%
623,伊力特,1,772800000.0000001,600197.SH,5581275784.8,86.154%
624,宁波华翔,1,717800000.0,002048.SZ,11985990789.960001,94.011%
625,养元饮品,1,716000000.0,603156.SH,26100805500.0,97.257%
626,中金岭南,2,704000000.0,000060.SZ,12886564030.47,94.537%
627,柳工,2,697600000.0,000528.SZ,9401619165.119999,92.58%
628,志邦家居,2,694000000.0000001,603801.SH,4593967215.2,84.893%
629,中国生物制药,2,685800000.0,,,nan%
630,木林森,2,665600000.0,002745.SZ,14380917760.4,95.372%
631,太辰光,2,648000000.0,300570.SZ,6060415680.0,89.308%
632,江西铜业,3,624100000.0,600362.SH,43665017797.05,98.571%
633,新宙邦,2,624000000.0,300037.SZ,12968638104.0,95.188%
634,吉利汽车,2,603000000.0,,,nan%
635,康达新材,2,578100000.0,002669.SZ,3635898062.4,84.1%
636,药明生物,2,576000000.0,,,nan%
637,厦门港务,2,569900000.0,000905.SZ,3926202758.1600003,85.485%
638,中原高速,2,541200000.0,600020.SH,8652381553.2,93.745%
639,东华软件,3,531000000.0,002065.SZ,45205649261.25,98.825%
640,飞荣达,2,512500000.0,300602.SZ,15189585840.0,96.626%
641,大连重工,2,508400000.0,002204.SZ,5736168995.04,91.137%
642,通宇通讯,2,508400000.0,002792.SZ,10246693265.999998,95.038%
643,北方华创,3,494400000.0,002371.SZ,71301766479.73001,99.307%
644,金 融 街,1,442200000.0,000402.SZ,19786715984.340004,97.765%
645,富祥股份,2,436800000.0,300497.SZ,7550566540.96,94.215%
646,禾望电气,2,429600000.0,603063.SH,3656345850.0,88.251%
647,航天动力,2,410400000.0,600343.SH,5284348561.44,92.234%
648,航天长峰,2,400800000.0,600855.SH,5059693411.37,92.079%
649,同济科技,2,391200000.0,600846.SH,5335463346.639999,92.668%
650,中国电影,2,382500000.0,600977.SH,23860260000.0,98.397%
651,天风证券,1,348400000.0,601162.SH,39062568260.8,99.108%
652,浙商证券,1,348400000.0,601878.SH,35333472624.4,99.014%
653,中信建投,1,345800000.0,601066.SH,238567219425.6,99.855%
654,张江高科,2,342000000.0,600895.SH,19668357284.999996,98.261%
655,中国银河,1,325000000.0,601881.SH,100156116519.16,99.676%
656,长城证券,1,314600000.0,002939.SZ,39940826867.369995,99.212%
657,无锡银行,2,294100000.0,600908.SH,9463085562.880001,96.892%
658,华发股份,3,285000000.0,600325.SH,13380827973.12,97.87%
659,恒立液压,4,278400000.0,601100.SH,45581760000.0,99.389%
660,太极股份,2,273700000.0,002368.SZ,18368599773.5,98.51%
661,中集集团,1,256200000.0,000039.SZ,27218193897.18,99.059%
662,同方股份,1,256200000.0,600100.SH,25074585125.460003,98.978%
663,江淮汽车,1,247800000.0,600418.SH,9807356766.060001,97.473%
664,中天科技,1,239399999.99999997,600522.SH,36854315472.36,99.35%
665,国金证券,1,239200000.0,600109.SH,28912875003.600002,99.173%
666,国信证券,3,211800000.0,002736.SZ,92906000000.0,99.772%
667,国海证券,1,198400000.0,000750.SZ,24609255323.28,99.194%
668,招商轮船,3,191100000.0,601872.SH,41047331494.26,99.534%
669,渤海轮渡,1,189000000.00000003,603167.SH,3806093154.150001,95.034%
670,中广天择,2,168300000.0,603721.SH,3840200000.0,95.617%
671,步长制药,1,162400000.0,603858.SH,23196917995.2,99.3%
672,熙菱信息,2,161700000.0,300588.SZ,1694550570.0000002,90.458%
673,达志科技,2,152900000.0,300530.SZ,4109246189.9999995,96.279%
674,山东高速,1,151900000.00000003,600350.SH,20303119916.539997,99.252%
675,小商品城,1,141900000.0,600415.SH,18561360340.16,99.236%
676,昊华科技,2,130900000.0,600378.SH,17986290619.42,99.272%
677,劲胜智能,2,126499999.99999999,300083.SZ,8370981847.800001,98.489%
678,陆家嘴,1,121199999.99999999,600663.SH,44860275532.799995,99.73%
679,上海临港,1,121199999.99999999,600848.SH,40443792398.88,99.7%
680,上海电气,1,121199999.99999999,601727.SH,72883344230.57999,99.834%
681,苏宁易购,1,108900000.0,002024.SZ,84069658084.65,99.87%
682,赛福天,2,106700000.0,603028.SH,2433216000.0,95.615%
683,荣盛石化,1,100800000.00000001,002493.SZ,65742075987.49999,99.847%
684,横河模具,2,95700000.0,300539.SZ,1599269859.73,94.016%
685,华谊兄弟,2,90300000.0,300027.SZ,10176053704.35,99.113%
686,超图软件,2,90300000.0,300036.SZ,11260911043.35,99.198%
687,山煤国际,2,90200000.0,600546.SH,18218771926.6,99.505%
688,省广集团,2,88000000.0,002400.SZ,5020810928.639999,98.247%
689,亿通科技,2,88000000.0,300211.SZ,2182293765.33,95.968%
690,欧派家居,1,87700000.0,603833.SH,38773302826.2,99.774%
691,长江证券,2,68700000.0,000783.SZ,36550414259.08,99.812%
692,利欧股份,2,64600000.0,002131.SZ,29732418737.850002,99.783%
693,睿创微纳,1,56100000.0,688002.SH,18365150000.0,99.695%
694,微芯生物,2,46200000.00000001,688321.SH,19028100000.0,99.757%
695,新湖中宝,2,25500000.0,600208.SH,26399984655.52,99.903%
696,深天马Ａ,1,20800000.0,000050.SZ,29759227931.03,99.93%
697,海航控股,2,18300000.0,600221.SH,27898159747.8,99.934%
698,辽宁成大,2,18300000.0,600739.SH,28574979362.88,99.936%
699,三六零,1,17900000.0,601360.SH,137783803751.79,99.987%
700,景嘉微,1,14400000.0,300474.SZ,17934789667.02,99.92%
701,华塑控股,1,13000000.0,000509.SZ,1708750052.1899998,99.239%
702,广晟有色,3,12299999.999999998,600259.SH,8272400796.31,99.851%
703,福耀玻璃,2,12200000.0,600660.SH,48491576893.56,99.975%
704,和邦生物,1,9800000.0,603077.SH,12981937835.16,99.925%
705,科安达,4,0.0,002972.SZ,4693638400.0,100.0%
706,神驰机电,4,0.0,603109.SH,3063936300.0,100.0%
707,川投能源,2,0.0,600674.SH,37990472342.4,100.0%
708,杉杉股份,2,0.0,600884.SH,12316731896.42,100.0%
709,江苏新能,2,0.0,603693.SH,5259180000.0,100.0%
710,新疆交建,2,0.0,002941.SZ,10062000000.0,100.0%
711,宏发股份,2,0.0,600885.SH,21419342235.519997,100.0%
712,天味食品,2,0.0,603317.SH,17906137700.0,100.0%
713,三美股份,2,0.0,603379.SH,14014854463.7,100.0%
714,飞科电器,2,0.0,603868.SH,15263424000.0,100.0%
715,太平鸟,2,0.0,603877.SH,7695587940.5,100.0%
716,丸美股份,2,0.0,603983.SH,27095569999.999996,100.0%
717,侨银环保,2,0.0,002973.SZ,8365270200.0,100.0%
718,亚光科技,2,0.0,300123.SZ,12293096040.599998,100.0%
719,中国应急,2,0.0,300527.SZ,7703402409.45,100.0%
720,新余国科,2,0.0,300722.SZ,2102240000.0,100.0%
721,华菱钢铁,1,0.0,000932.SZ,24516308844.0,100.0%
722,安集科技,1,0.0,688019.SH,9018865091.6,100.0%
723,八亿时空,1,0.0,688181.SH,4765766891.599999,100.0%
724,佰仁医疗,1,0.0,688198.SH,4025280000.0,100.0%
725,华特气体,1,0.0,688268.SH,7759200000.0,100.0%
726,宏图高科,1,0.0,600122.SH,2339681867.0,100.0%
727,中化国际,1,0.0,600500.SH,14634129301.6,100.0%
